project,lines
04adb8af-42f5-4f3f-a277-0984d4e60da9,9688
0b1a7f03-3054-4da5-887c-31f19471bdbe,5297
0c6c6059-1e5e-42a3-88b8-4a7a554b97c3,5009
1879e1e9-9705-4156-b594-eb0e88170550,1361
1fa50533-400b-4e47-8ccf-1a1cef07c267,7450
2c7f421b-c2e9-438d-97d7-8f8f8e766065,949
31aa8ceb-f046-462e-9446-c4257cc43fb6,894
34219856-6f80-4379-9698-c3c119122fbe,2742
39cd6e28-1840-42bd-842e-eba5db5f240e,1447
4ab6f50d-4f80-442d-ad0f-c0e31a179fb1,3315
4bfc5e7e-cf89-4d26-b4ac-140e51f3f28a,25670
4e33fd2a-fac2-48c7-a2d7-5e1d24847009,2233
53d336da-4ed0-48fc-9294-7c5fd1e60b0b,4166
55905b5c-638c-44a4-aa6c-1ffa9ab44b71,583
571ac88b-9b75-4b2a-b4ef-f2f070ea95ba,2707
6a261a39-032c-4fdb-93b3-026243bf899b,14124
6ff08173-1515-4598-b6da-85eab36ad912,7710
75fe000d-462f-4556-b896-b1c3a32794db,1402
78cba354-72ec-4910-a018-4011c46d6065,15012
7b638f63-da48-4f14-8822-09520f74f6ef,4010
7c538eaa-2617-4477-8294-490fbec2dfce,3774
7f339710-9d76-4c20-8fc2-8e2717154c0c,5197
893cbbc0-82c3-43b2-abaa-095a917bd4d0,7879
8c61b3c6-3d18-4bca-bb37-c3fae5ea4380,2022
91447154-1686-4676-b3c7-8ebd4b64a195,1179
9790ed2f-e3a3-47d9-a767-18f44f88f074,7134
adc366c0-226a-41e0-856b-8e4ae761a06e,1904
c3fe3690-54f9-4521-8635-eb377c0de210,4088
c4f73d1d-e291-4b31-90a1-3d1100a318fd,2146
c5743c15-61ad-4914-ac68-c185f35ecace,2771
cecdd830-7a72-4fa6-84f0-c423b9794ffe,4375
d65ee9e3-19e5-4a77-a5ca-34390d158dba,4082
d77409fc-52c8-45de-8913-41549adff92c,5872
da3730f7-8f29-48be-bd26-7ede3a4b4569,6565
dc2ba848-66ed-4360-85e9-588c4d12d00f,352
e49eed4e-d6f2-463e-b793-7afa1969af04,1648
e9300410-496a-4f32-8733-4f6cc92b8737,1933
ead92d3a-d812-4ed5-98c3-f01efa76f134,1707
efdeaab6-9071-4881-af45-e40198ed4d6f,1415
f11f7fe6-04c8-4bfe-9a18-63cb28b1d55b,4809
fa507424-6d06-48e1-baa8-d1376260f492,4431
1148136e-ec35-4752-ab4b-fb3e0d8ce47a,1733
17a8dae9-9675-4aba-a4da-821a9f9a0ea9,465
259b6e37-8c59-44f3-8bcc-cff968a0abc7,168
31251c40-5b74-48dd-9a4b-79abda9ddd3b,19652
313e03d2-0854-4c3c-85fc-03be1b63bd84,2167
410f853f-c66a-4818-93db-01dca73caae9,1812
4f0b604a-08f4-416b-9f7c-63fa140e875b,587
4fa7a655-14e7-422f-95f6-525a743b5efa,723
526bef98-3702-46a2-bae4-43b10b4dfb4a,122
58bc78b3-e6e0-42aa-aab7-582342c2d91a,14149
637c5f1a-beeb-4a5e-aa81-27223afda576,2527
65f3fe39-9acf-4b8f-a8a7-5c517c53159f,178
6a427ddb-bedf-4068-aa61-4bbbd2af942d,5422
706cbee6-2cda-4d2f-bc87-c7f1e459a55b,1400
7c01fa08-48b3-437d-96c9-00304e35f915,7081
97926e60-dc5f-4d8e-8127-e60001e61e8e,29731
9e99111c-d5e4-4d52-a845-fa5895195927,2309
a42869ea-3fc7-47d1-8e6a-3ad97cdf9498,9179
ac7b7480-d69d-48b7-b278-41477a5264cb,7474
ada14cf9-da15-4004-9795-4301b8a73466,2757
b276b673-2fce-45fb-adff-3c02d7c25ab7,5188
da5ea5c1-2c25-461c-b127-faf183b67eb8,5818
db4d3ad6-564c-47f9-aa7b-2349e5b54e05,2587
dc02e41d-bd0a-41ed-b0ed-526634d82426,2773
de260252-235c-468d-ae71-ce664ad0339c,479
edf8f85b-d840-4132-905a-78aa830cb266,3949
f3dd825c-8ce9-4559-8a84-0895c1887353,1510
f483bec8-3fce-448d-968b-4676855579a9,197
f7eb172a-a9bc-4402-a5ec-39ad8bd2e672,596
fb03bbed-ab6e-4744-ab21-336776d6fe28,10704
fefd8d93-f894-4503-a35f-8b19e61c7f0e,18402
ff2ff434-531e-4cbd-930a-309853ff4254,257
92b2b9f3-a701-4245-9183-180d38d9f80e,558
7afcb92f-7217-48b5-a7d8-cca1afb35bb8,9
9b083130-2a2b-4b83-bf06-43d8b9082306,7742
04d8ed1a-2317-434e-b3ab-e29dc0ca1f74,5868
08ee04c5-6ced-43ad-8e97-55c54c93c6e5,1529
0cc8177d-3cb3-41fb-9ac2-7666ba210bb5,1164
239021f8-d43a-468b-bbda-5ce8f4980bd8,1034
28f0042b-3e35-42ef-8ec6-5cd29bd08a3f,2006
2cb35db7-a604-49e5-8d8c-7711a89e2872,684
2e3bbab9-c668-4f24-9c80-38d4d9b8149f,2034
37eba797-8c6b-42cb-b6c7-05a43c6315e0,4972
44957aaf-74f2-496d-aa52-14faac7265a6,8186
48fbe6ea-71f4-47b0-a458-5bd6a5bd9e74,9258
494760bd-f268-44de-ba90-558d66f2053f,3206
5421fffe-2821-4976-b1ee-b22d1d148ddc,3676
6396d7b7-b491-49f3-8408-512366d6fd41,7054
72cc8dbd-a094-4137-acda-d5fd52af5809,1694
74da704d-e3f9-4b09-b5d0-42ccb3113042,4298
752a86a4-3817-4b2b-a30f-52d5a40e8c04,2867
771218da-1e81-4a98-b884-33ddf3d7aada,5382
79093f85-73d9-44c1-9f00-829efb5524ea,5707
7c500d79-0fc8-4cee-aec6-07f6215f6995,645
7d989fb0-dc96-4aa1-8e32-c2d11a8116d1,3052
8ac876f7-8157-409b-aca9-404c0aec4594,27172
97541b65-b57c-432c-a1ef-251b7bf149d8,8474
9b691eb1-28b9-4fad-a996-a1b29ad41b42,9552
b61b6793-98f0-4a98-9d86-5bc1f21bc1f4,6320
ba02fc6a-5e1c-43d8-b46b-28006175c1b1,7976
c566084a-5cca-442c-8380-9ba393a30f6d,1796
c62deaa9-2399-4e25-ab5b-c8d97487ee67,901
c8b8af76-5a8c-47df-a0d5-ef9015fb851d,4026
d1fd3ffe-8d7b-4008-8e67-075e16449792,2502
dd2133f3-dd88-4063-8b13-9b8cbd9810b4,18976
e3bd7304-1286-431f-8431-6594eb20818a,17196
f291d21d-f5aa-4a49-8ed8-0377247f55b5,14564
f5376e06-382f-4eb7-96d2-e7f92cf7782f,13092
f7fa3d9c-4b4b-4e90-9e40-7e8c2ce5ef3b,354
f91c4112-6661-4906-b040-f28778cbdc4a,1985
e6f276d7-3db8-4443-9468-acff442e987a,233
f60d7ce8-05f9-4f87-96ab-eafa4064486d,9
9008f2a2-bf18-4c80-9ad6-be6e1dda821f,277
00c8b42c-3ccd-42aa-9172-9f0508118089,1677
0182c37a-f9c6-4dc7-b008-8eb0cd9b6613,2251
1b3d893e-cd67-4f04-816b-2b17209bc23c,1948
338bfab9-0495-4b7d-a48b-44779ca043e5,1235
3ccd4324-728a-4753-8c69-4d8b296cbde5,6058
45cdd4b0-2ef5-4ba6-8fb6-56c809391dbe,16162
486ae872-dc19-477a-ae52-235258960682,216
4dc1f7e9-3f61-46c5-be75-5b51ed25bcf9,1712
52875f50-ef1f-471e-b9e2-d6398e1ea739,13189
5c567ca1-7c4f-4c5b-9775-7f6d77fbf641,536
6090ab36-d97a-4f23-b116-c9ea1c4e3cd5,31107
63a6a6c9-dfdf-4c2a-ae2a-17fd18d6f783,994
65a97a37-1663-4be0-8c85-5151d029e628,723
6993f6c1-8202-4ed1-af4a-14101b47c6c1,2134
6fcd9108-e187-474b-a3ad-999381f8bdab,1895
7dc15545-acdd-4bfa-b183-b3745ab95512,5934
84214d67-3a7b-497d-8044-d40f0911818f,39760
8446bbce-7a9b-41f4-9df8-294341690db3,2249
869514dd-cec7-4c8d-a041-554fb1d41b9f,6494
86d05470-1a65-4c9d-abf0-69f66a51ccc6,2691
8a5cd7f9-3349-4bc4-82f8-5fc3ec5e9f1a,238
8b0871a5-cace-4535-96a6-cdba19ef694a,8757
8e873bd5-2c25-4ae7-8750-aae0bcaf93ac,5794
9096a80c-9ae7-4d2b-a4ad-a849794832f3,9998
92a2ee6a-1961-4f3d-81ed-66f70d8b5853,1680
95022cba-1e80-42f8-aba2-707e4b957b98,42135
97ba534c-357e-4424-b291-d230099e7d00,778
9988d81a-48bc-4ed4-aa44-84dd261839d8,31996
ac890994-2f55-431c-b4c1-8d575190d165,3000
4f150f1c-f298-4c78-a041-fd8f7691ffce,38220
b43b156b-da6e-4d7e-b2f0-d8d44ff21a0d,52358
b915d36d-d65b-4a78-ab15-54f3a5dd5533,270
c14293f9-e849-477a-b2ee-51de2c606985,10647
d24f2b5b-e9c3-4684-bc17-83ab644c23a0,920
db32950e-063f-479d-a93e-8d029c15c802,9632
f27a3c57-6aeb-49d0-bdef-5e55ce31f664,919
f46b2ea0-c274-4b36-af31-4dcbac90fef9,1177
f568338b-53d9-401b-8cde-6bdf88d7637b,6842
ff3cf021-24f8-4709-801b-deaf98300826,596
b3b19999-cdf0-480d-844c-233acd82642d,1695
0db651f3-261e-47c6-817c-cf776698a39c,4157
1687e506-cbbc-4d75-84ec-1c8996010b69,5422
1dba5ae2-34cc-4219-b857-3a68008b8bb2,1784
2066f397-75e8-4b85-9cf6-c4c5f88ca17c,2510
2aac2789-4740-42ba-a694-2e13418ec1d6,18593
3486439b-f7a2-4684-a041-a3cad5abe154,1960
3bb80ef2-f4ce-4193-b726-8659370d815c,10585
3f654866-4607-4d4e-9c88-9836bb4d9e9b,818
411ecc93-ebce-4afa-b4e6-d0f1894f65f8,3160
42580611-48b0-4a61-b379-0ba400209e8e,10906
43538b12-f2d4-4403-8cde-b3e7a8b50acb,32496
43fa67b7-c0ab-421c-91d8-e28d6020c2db,7076
4766b2f5-188d-428d-96fb-a15e229ccef6,1028
48a129fc-1a3c-4636-a741-2774aaa4496d,493
4d239155-5f99-4c73-81f4-0e2e8c222f2c,300
4d75f8c9-3ef5-4b27-83be-c31b5380fe23,3987
55ba7b73-53bd-4be9-bee4-6d717da05f18,2384
5e666e48-aa03-4357-9f65-26c285e03c48,997
5eecab18-50b5-4c12-90e6-276f74c51399,26043
637f1441-7712-4791-bb21-b22a1b631715,3776
7591456a-b963-4ed4-8743-25aedadb6aad,7422
7633a23a-8bdc-401e-8fac-955f8ea61f13,28494
78d15969-cbac-49ff-a306-89704148aa16,2623
7a3fe11e-e6b0-4c0e-a748-db978f21c13c,587
84eca0c3-4fc4-43c6-99ba-91104dc41899,390
879c651e-b67d-4727-a57c-f25dab6d47ee,9649
88d33533-9e0b-487a-a34d-d0520b261da6,41600
89522eac-475e-40c6-b17b-26bad3d07834,7695
8f58a4f9-0b8f-4fba-865f-a3a74b097d57,73
94e1b871-b1d0-4efa-9ef9-b2f9b4e26ded,5241
9791c3d9-d5ac-4fc9-91cc-f1aef7bf1944,233
9ceb2a7a-bb01-4e8c-b1c2-4a3c83fc51f7,23033
a8f6ae97-444a-4bcd-a563-c7894ebbed9d,790
ab356e29-13d5-4a63-940f-660d0e348367,21824
abd4e7e1-836e-4c64-be7e-c482d8d55726,569
0c5182a1-f13f-43e7-b0b3-f483fa030735,4088
c4a22f0f-f2fb-4da3-8e2a-3e7aeddce177,2140
c8515f63-b9ef-476d-ac3d-50fab26da109,1082
c862281e-3ea3-44d5-ad03-c7521af46766,1697
1034cc78-563d-48c4-9fc2-2e993ed0d02e,12887
d429ec17-defa-4859-9fa5-47f6ac8a3093,17708
d6bb7264-fc92-4671-bd24-b2a046f8fb0b,238
e2b862c5-0ca6-48ca-ac4c-b1a47b8932fe,43222
e360caec-ce6e-4e5e-99ec-89a1a7a8ded6,4410
e6f6a254-a327-41d5-90d8-7d1047af08c3,2964
e75be299-d3b0-4a98-bd07-7266ff1b84d3,12900
e8e47a61-a64d-4fee-abc7-c4cf65231b12,34198
e9a0c8ac-ff53-419d-8c3a-1ebafc22e736,1538
eade39bb-8945-4f06-926b-0b7434e999ea,5122
f032e8db-353e-4135-9172-703e3e7bcbd5,1257
f9e0a499-fa03-4156-917c-3c9ea4daf385,780
f9f81525-7620-412b-a88a-9f9c0954d66b,5827
fbd85175-ec5f-4799-90cd-4f9c8024aaf7,8645
feed940f-f59e-4259-bdb4-bf52ce285934,12647
1c641d6b-a771-4339-865c-146fc96020ee,626
8efccd67-56d1-4564-be92-bc089393d379,11524
c36a36ec-ff7b-4888-8934-fb2aa10954c4,1863
67228bc4-f8db-4608-9e21-33f8eb5790d7,36937